Ramisha,3,November,11:00AM,6352791,r@gmail.com,1972536
Afrina,4,July,3:00PM,3527292,a@yahoo.com,2927253
Mouneeta,5,June ,12:00 PM,17133264,m@gmail.com,462331710
Riyadil,2,March,1:00 PM,12345,r@gmail.com,543210
Shiary,4,April,12:00 PM,123774839,s@gmail.com,9384773210
Shama Shafiq,3,June ,3:00 PM,1916354846,s@outlook.com,64845361910
Sadia Froze ,5,June ,12:00 PM,1723331837,s@gmail.com,73813332710
Abbrita Rahman ,3,March,1:00 PM,1937252839,mouneeta@gmail.com,93825273910
Anika Meher Amin,4,May,1:00 PM,1237392729,A@yahoo.com,92729373210
Tahsina,26,April,12:00 PM,18326464837,hello@gmail.com,7.38E+10
Mahapara,5,April,11:00 AM,13484055,m@gmail.com,55048431
Riyadil Jannat,25,April,4pm,1713331936,mdjchdi@gmail.com,63913331710
